filename,aadhaar,name,gender,dob,is_tampered
dataset/original/aadhaar_0_authentic.png,3644 7718 0427,Jagat Agrawal,Male,07/09/1996,False
dataset/original/aadhaar_1_authentic.png,8144 8589 9100,Jacob Pall,Other,27/02/1956,False
dataset/original/aadhaar_2_authentic.png,4630 3929 8636,Dhriti Balay,Female,06/08/1994,False
dataset/original/aadhaar_3_authentic.png,4047 0981 5002,Advik Warrior,Female,23/02/1972,False
dataset/original/aadhaar_4_authentic.png,7591 5885 8681,Matthew Tank,Female,31/03/1977,False
dataset/original/aadhaar_5_authentic.png,9133 5718 8596,Oni Ram,Male,14/02/1982,False
dataset/original/aadhaar_6_authentic.png,6890 9420 5868,Ganga Gola,Female,29/12/1955,False
dataset/original/aadhaar_7_authentic.png,6672 0551 1181,Akshay Yogi,Female,14/04/1995,False
dataset/original/aadhaar_8_authentic.png,7332 4983 3794,Anthony Jhaveri,Male,10/02/1990,False
dataset/original/aadhaar_9_authentic.png,6085 3991 7545,Nirja Dhaliwal,Other,01/06/1954,False
dataset/original/aadhaar_10_authentic.png,6572 0919 8954,Wazir Date,Female,12/12/1978,False
dataset/original/aadhaar_11_authentic.png,7951 4157 3011,Yug Chadha,Female,30/06/1974,False
dataset/original/aadhaar_12_authentic.png,6563 1065 8068,Ridhi Ram,Female,04/10/1974,False
dataset/original/aadhaar_13_authentic.png,7179 8380 9504,Gagan Walla,Other,20/02/1953,False
dataset/original/aadhaar_14_authentic.png,9250 0197 1137,Zansi Saran,Other,18/01/1971,False
dataset/original/aadhaar_15_authentic.png,4116 9004 8888,Chaitanya Virk,Other,19/09/1956,False
dataset/original/aadhaar_16_authentic.png,5003 6320 8038,Aarna Borah,Male,22/01/1964,False
dataset/original/aadhaar_17_authentic.png,3732 8223 7843,Qarin Dara,Other,03/02/1978,False
dataset/original/aadhaar_18_authentic.png,4121 8927 2225,Pahal Kari,Female,19/04/1957,False
dataset/original/aadhaar_19_authentic.png,9682 5868 5040,Nitesh Singhal,Male,28/02/1972,False
dataset/original/aadhaar_20_authentic.png,2217 8554 9160,Samaksh Chana,Other,30/01/1966,False
dataset/original/aadhaar_21_authentic.png,2540 3802 4014,Liam Bawa,Female,09/03/1962,False
dataset/original/aadhaar_22_authentic.png,4988 7956 3829,Aditya Bal,Male,03/10/1969,False
dataset/original/aadhaar_23_authentic.png,3586 3610 0867,Yahvi Loke,Other,07/11/1983,False
dataset/original/aadhaar_24_authentic.png,6657 7602 8224,Finn Johal,Female,24/11/1999,False
dataset/forged/aadhaar_25_tampered.png,7748 2968 0199,Madhavi Khanna,Female,22/08/1974,True
dataset/forged/aadhaar_26_tampered.png,9762 2573 7506,Amol Badami,Male,06/10/1985,True
dataset/forged/aadhaar_27_tampered.png,5512 2677 4320,Nachiket Basu,Female,22/12/1988,True
dataset/forged/aadhaar_28_tampered.png,3578 7809 4723,Onkar Ben,Other,01/10/1964,True
dataset/forged/aadhaar_29_tampered.png,5515 3637 8257,Wishi Prasad,Male,02/10/1995,True
dataset/forged/aadhaar_30_tampered.png,5930 5880 9861,Inaya Srinivasan,Other,07/11/1960,True
dataset/forged/aadhaar_31_tampered.png,7441 9484 6889,Abdul Gokhale,Female,21/08/1967,True
dataset/forged/aadhaar_32_tampered.png,5851 3829 5406,Andrew Pant,Other,18/08/1974,True
dataset/forged/aadhaar_33_tampered.png,9425 0134 9366,Bina Varty,Other,07/05/1953,True
dataset/forged/aadhaar_34_tampered.png,5477 9062 8310,Widisha Sur,Female,01/06/1989,True
dataset/forged/aadhaar_35_tampered.png,8089 4253 8399,Rudra Subramanian,Female,01/11/1954,True
dataset/forged/aadhaar_36_tampered.png,9698 6143 5587,Yoshita Arya,Male,28/12/1986,True
dataset/forged/aadhaar_37_tampered.png,5834 5887 9683,Orinder Warrior,Male,02/12/1980,True
dataset/forged/aadhaar_38_tampered.png,2958 1138 1556,Damyanti Wadhwa,Male,16/10/1962,True
dataset/forged/aadhaar_39_tampered.png,9874 6629 0207,Priya Jha,Male,29/12/1955,True
dataset/forged/aadhaar_40_tampered.png,3882 0949 3583,Oliver Toor,Other,27/05/2004,True
dataset/forged/aadhaar_41_tampered.png,9022 7653 6423,Abeer Johal,Male,04/07/1968,True
dataset/forged/aadhaar_42_tampered.png,4507 1044 7070,Nisha Pillay,Male,22/03/1985,True
dataset/forged/aadhaar_43_tampered.png,5477 1244 6430,Lipika Thaman,Male,25/04/1959,True
dataset/forged/aadhaar_44_tampered.png,3788 1984 4931,Ishita Bhandari,Other,03/05/1991,True
dataset/forged/aadhaar_45_tampered.png,9503 5878 2687,Ganga Saran,Other,11/03/1979,True
dataset/forged/aadhaar_46_tampered.png,2431 7316 8784,Bimala Rai,Male,28/02/1985,True
dataset/forged/aadhaar_47_tampered.png,3877 6211 7074,Bimala Wadhwa,Female,26/06/2002,True
dataset/forged/aadhaar_48_tampered.png,9364 6407 4681,Noah Shan,Other,30/04/1984,True
dataset/forged/aadhaar_49_tampered.png,5741 4795 6500,Chavvi Banik,Male,08/06/1974,True
